heure,tranche,transactions,fraudes,fraudes_pour_10000
0,1-nuit (0-5h),7647,6,7.8
1,1-nuit (0-5h),4208,10,23.8
2,1-nuit (0-5h),3308,48,145.1
3,1-nuit (0-5h),3487,17,48.8
4,1-nuit (0-5h),2204,23,104.4
5,1-nuit (0-5h),2988,11,36.8
6,2-matin (6-11h),4082,9,22.0
7,2-matin (6-11h),7233,23,31.8
8,2-matin (6-11h),10232,9,8.8
9,2-matin (6-11h),15767,16,10.1
10,2-matin (6-11h),16548,8,4.8
11,2-matin (6-11h),16781,53,31.6
12,3-après-midi (12-17h),15378,17,11.1
13,3-après-midi (12-17h),15323,17,11.1
14,3-après-midi (12-17h),16520,23,13.9
15,3-après-midi (12-17h),16374,26,15.9
16,3-après-midi (12-17h),16396,22,13.4
17,3-après-midi (12-17h),16130,28,17.4
18,4-soir (18-23h),16959,28,16.5
19,4-soir (18-23h),15566,19,12.2
20,4-soir (18-23h),16705,18,10.8
21,4-soir (18-23h),17629,16,9.1
22,4-soir (18-23h),15378,9,5.9
23,4-soir (18-23h),10883,17,15.6
