year_month,comptes_ouverts,comptes_actifs,transactions,entrees_m,sorties_m,flux_net_m,encours_m
1993-01,96,96,177,0.67,0.03,0.63,0.6
1993-02,194,194,395,2.45,0.28,2.16,2.8
1993-03,298,298,676,3.86,0.87,2.98,5.8
1993-04,375,375,913,5.33,2.05,3.27,9.1
1993-05,466,466,1306,7.66,4.02,3.65,12.7
1993-06,554,553,1880,10.77,7.52,3.25,15.9
1993-07,653,652,2399,10.64,7.38,3.25,19.2
1993-08,755,754,2938,11.96,9.07,2.89,22.1
1993-09,858,858,3441,13.52,9.92,3.59,25.7
1993-10,933,933,3989,15.48,12.09,3.4,29.1
1993-11,1048,1047,4422,15.61,12.91,2.7,31.8
1993-12,1139,1138,5669,22.51,17.7,4.8,36.6
1994-01,1163,1163,9139,18.62,23.97,-5.36,31.2
1994-02,1197,1194,5601,18.39,12.9,5.49,36.7
1994-03,1229,1229,6255,19.92,17.46,2.47,39.2
1994-04,1270,1270,6549,19.79,17.7,2.08,41.3
1994-05,1325,1323,7059,21.61,20.13,1.48,42.7
1994-06,1360,1360,7916,29.52,30.16,-0.64,42.1
1994-07,1391,1390,7398,22.29,20.18,2.11,44.2
1994-08,1428,1427,7600,22.83,20.74,2.09,46.3
1994-09,1468,1468,7844,24.42,22.06,2.36,48.7
1994-10,1515,1512,8197,23.79,22.82,0.97,49.6
1994-11,1543,1542,8275,25.03,22.56,2.47,52.1
1994-12,1578,1577,9795,32.33,29.58,2.75,54.9
1995-01,1642,1642,15493,26.89,39.36,-12.47,42.4
1995-02,1686,1680,8682,27.11,18.02,9.09,51.5
1995-03,1734,1733,9304,29.31,24.81,4.5,56.0
1995-04,1786,1786,9519,28.92,25.92,3.0,59.0
1995-05,1836,1836,9938,31.33,28.58,2.75,61.7
1995-06,1893,1891,10930,39.82,41.79,-1.97,59.7
1995-07,1941,1941,10431,31.92,28.04,3.89,63.6
1995-08,1999,1997,10766,32.57,29.35,3.22,66.9
1995-09,2059,2059,11013,33.07,29.98,3.09,69.9
1995-10,2124,2121,11431,34.52,32.07,2.45,72.4
1995-11,2189,2188,11741,34.7,32.75,1.95,74.3
1995-12,2239,2238,13774,45.91,40.99,4.92,79.3
1996-01,2345,2344,21405,38.69,54.93,-16.25,63.0
1996-02,2449,2445,12507,40.12,27.55,12.56,75.6
1996-03,2573,2569,13297,41.92,35.04,6.87,82.4
1996-04,2674,2671,13754,42.82,36.36,6.46,88.9
1996-05,2765,2763,14308,44.76,40.23,4.53,93.4
1996-06,2878,2874,15885,57.88,60.83,-2.95,90.5
1996-07,3015,3009,15500,49.47,41.29,8.18,98.7
1996-08,3148,3143,16299,50.8,45.49,5.31,104.0
1996-09,3256,3248,16883,53.51,47.33,6.19,110.2
1996-10,3371,3364,17538,55.64,50.2,5.43,115.6
1996-11,3477,3469,17943,56.4,51.56,4.84,120.4
1996-12,3602,3594,21460,74.77,66.26,8.51,129.0
1997-01,3668,3658,33060,62.24,87.07,-24.83,104.1
1997-02,3747,3729,19202,61.3,43.87,17.42,121.5
1997-03,3812,3803,20491,64.77,56.06,8.7,130.3
1997-04,3894,3885,20922,65.19,58.23,6.97,137.2
1997-05,3977,3962,21686,66.7,63.94,2.76,140.0
1997-06,4051,4041,23832,87.13,93.4,-6.27,133.7
1997-07,4130,4121,22481,70.78,61.69,9.09,142.8
1997-08,4213,4202,22979,70.79,64.78,6.01,148.8
1997-09,4296,4282,23324,73.07,67.38,5.69,154.5
1997-10,4374,4362,23995,74.03,69.9,4.13,158.6
1997-11,4436,4418,24168,73.8,68.89,4.91,163.5
1997-12,4500,4483,28269,94.9,88.43,6.47,170.0
1998-01,4500,4480,42940,79.27,112.81,-33.54,136.5
1998-02,4500,4475,23995,74.63,54.12,20.51,157.0
1998-03,4500,4478,25341,77.31,70.88,6.43,163.4
1998-04,4500,4475,25297,76.08,71.19,4.89,168.3
1998-05,4500,4480,25634,75.87,74.01,1.86,170.2
1998-06,4500,4479,27833,98.32,111.58,-13.26,156.9
1998-07,4500,4480,25582,78.23,69.11,9.11,166.0
1998-08,4500,4480,25622,77.22,73.42,3.81,169.8
1998-09,4500,4478,25450,76.25,72.04,4.21,174.0
1998-10,4500,4480,25689,77.02,74.87,2.15,176.2
1998-11,4500,4478,25341,75.6,73.25,2.35,178.5
1998-12,4500,4424,23553,95.16,76.54,18.61,197.2
